package_id,scan_date,station,worker_id,processing_time,route,status,throughput
100001,2024-01-01,Station C,2021,14.73,Route 3,Completed,2
100002,2024-01-01,Station D,2032,8.15,Route 4,Completed,1
100003,2024-01-01,Station A,2023,5.94,Route 2,Returned,1
100004,2024-01-01,Station C,2033,10.05,Route 3,Returned,4
100005,2024-01-01,Station C,2003,4.74,Route 4,Completed,3
100006,2024-01-01,Station D,2018,2.52,Route 3,Completed,4
100007,2024-01-01,Station A,2025,3.24,Route 2,Completed,4
100008,2024-01-01,Station A,2042,3.23,Route 4,Completed,4
100009,2024-01-01,Station C,2031,3.55,Route 3,Completed,4
100010,2024-01-01,Station B,2003,3.37,Route 2,Completed,2
100011,2024-01-01,Station C,2040,10.15,Route 1,Completed,3
100012,2024-01-01,Station C,2046,3.96,Route 2,Delayed,2
100013,2024-01-01,Station C,2024,6.17,Route 1,Completed,3
100014,2024-01-01,Station C,2050,13.61,Route 3,Completed,1
100015,2024-01-01,Station D,2032,7.9,Route 4,Completed,4
100016,2024-01-01,Station A,2047,10.51,Route 4,Completed,2
100017,2024-01-01,Station D,2022,3.83,Route 3,Completed,3
100018,2024-01-01,Station D,2023,4.1,Route 4,Returned,1
100019,2024-01-01,Station D,2002,2.05,Route 4,Completed,1
100020,2024-01-01,Station C,2027,3.78,Route 1,Delayed,4
100021,2024-01-01,Station B,2042,5.26,Route 3,Completed,3
100022,2024-01-01,Station A,2002,3.89,Route 2,Completed,2
100023,2024-01-01,Station B,2026,2.7,Route 1,Completed,4
100024,2024-01-01,Station D,2017,3.13,Route 3,Completed,2
100025,2024-01-02,Station D,2040,7.72,Route 1,Delayed,1
100026,2024-01-02,Station B,2033,4.29,Route 2,Delayed,2
100027,2024-01-02,Station B,2009,6.42,Route 2,Completed,2
100028,2024-01-02,Station B,2043,8.3,Route 3,Completed,4
100029,2024-01-02,Station D,2048,10.82,Route 2,Completed,2
100030,2024-01-02,Station D,2039,2.03,Route 1,Delayed,4
100031,2024-01-02,Station A,2029,12.29,Route 2,Completed,1
100032,2024-01-02,Station A,2042,9.98,Route 1,Completed,4
100033,2024-01-02,Station D,2026,2.6,Route 1,Completed,4
100034,2024-01-02,Station B,2035,13.29,Route 2,Completed,3
100035,2024-01-02,Station B,2050,13.93,Route 3,Completed,2
100036,2024-01-02,Station A,2025,2.32,Route 4,Completed,1
100037,2024-01-02,Station D,2024,5.24,Route 2,Delayed,4
100038,2024-01-02,Station A,2013,12.38,Route 1,Completed,1
100039,2024-01-02,Station A,2007,11.6,Route 1,Completed,3
100040,2024-01-02,Station C,2036,3.99,Route 2,Returned,2
100041,2024-01-02,Station C,2045,4.33,Route 3,Completed,4
100042,2024-01-02,Station C,2020,6.5,Route 3,Delayed,2
100043,2024-01-02,Station B,2001,8.04,Route 1,Completed,3
100044,2024-01-02,Station D,2008,9.85,Route 1,Completed,3
100045,2024-01-02,Station D,2046,6.48,Route 3,Delayed,1
100046,2024-01-02,Station D,2016,7.74,Route 4,Completed,4
100047,2024-01-02,Station D,2014,11.59,Route 2,Completed,1
100048,2024-01-02,Station C,2012,2.0,Route 1,Completed,3
100049,2024-01-03,Station B,2023,4.91,Route 1,Completed,2
100050,2024-01-03,Station B,2015,11.13,Route 3,Completed,1
100051,2024-01-03,Station C,2028,13.59,Route 2,Completed,1
100052,2024-01-03,Station B,2034,8.41,Route 3,Returned,2
100053,2024-01-03,Station C,2002,8.68,Route 2,Completed,1
100054,2024-01-03,Station D,2032,2.95,Route 2,Completed,2
100055,2024-01-03,Station C,2023,7.54,Route 2,Completed,4
100056,2024-01-03,Station D,2022,8.69,Route 1,Completed,2
100057,2024-01-03,Station D,2025,4.77,Route 4,Completed,4
100058,2024-01-03,Station A,2022,5.13,Route 3,Returned,2
100059,2024-01-03,Station C,2022,6.59,Route 4,Completed,3
100060,2024-01-03,Station A,2049,1.77,Route 3,Completed,3
100061,2024-01-03,Station C,2042,5.85,Route 2,Completed,4
100062,2024-01-03,Station C,2006,4.35,Route 1,Completed,4
100063,2024-01-03,Station A,2015,5.92,Route 4,Completed,3
100064,2024-01-03,Station A,2043,3.12,Route 1,Completed,4
100065,2024-01-03,Station C,2037,13.52,Route 3,Delayed,2
100066,2024-01-03,Station B,2033,9.51,Route 1,Completed,2
100067,2024-01-03,Station D,2008,10.67,Route 1,Completed,3
100068,2024-01-03,Station A,2044,12.15,Route 4,Completed,1
100069,2024-01-03,Station D,2044,8.23,Route 2,Completed,2
100070,2024-01-03,Station B,2005,2.67,Route 1,Completed,4
100071,2024-01-03,Station B,2039,8.75,Route 2,Completed,1
100072,2024-01-03,Station B,2004,9.42,Route 3,Completed,1
100073,2024-01-04,Station A,2006,11.56,Route 1,Completed,2
100074,2024-01-04,Station B,2045,7.33,Route 4,Completed,2
100075,2024-01-04,Station A,2032,3.22,Route 3,Completed,1
100076,2024-01-04,Station B,2030,5.33,Route 3,Delayed,1
100077,2024-01-04,Station D,2047,6.4,Route 4,Delayed,3
100078,2024-01-04,Station D,2035,10.22,Route 1,Completed,4
100079,2024-01-04,Station C,2040,9.21,Route 1,Delayed,3
100080,2024-01-04,Station D,2016,6.31,Route 3,Completed,2
100081,2024-01-04,Station C,2013,14.82,Route 1,Completed,3
100082,2024-01-04,Station D,2050,9.68,Route 2,Completed,3
100083,2024-01-04,Station A,2042,4.7,Route 4,Completed,3
100084,2024-01-04,Station D,2030,2.87,Route 2,Completed,3
100085,2024-01-04,Station C,2019,3.56,Route 1,Delayed,4
100086,2024-01-04,Station C,2017,4.82,Route 3,Completed,4
100087,2024-01-04,Station B,2019,3.67,Route 4,Completed,1
100088,2024-01-04,Station A,2028,4.02,Route 1,Completed,2
100089,2024-01-04,Station D,2026,5.35,Route 1,Delayed,3
100090,2024-01-04,Station B,2037,3.84,Route 3,Completed,1
100091,2024-01-04,Station D,2026,13.61,Route 3,Completed,1
100092,2024-01-04,Station D,2023,2.58,Route 2,Completed,1
100093,2024-01-04,Station B,2009,8.58,Route 4,Completed,4
100094,2024-01-04,Station B,2012,7.04,Route 4,Returned,3
100095,2024-01-04,Station B,2001,14.76,Route 3,Returned,3
100096,2024-01-04,Station B,2001,3.01,Route 2,Completed,2
100097,2024-01-05,Station B,2047,6.87,Route 4,Returned,3
100098,2024-01-05,Station D,2034,14.59,Route 3,Completed,3
100099,2024-01-05,Station B,2032,13.18,Route 1,Delayed,1
100100,2024-01-05,Station A,2048,12.53,Route 4,Completed,2
100101,2024-01-05,Station C,2025,4.98,Route 2,Completed,3
100102,2024-01-05,Station B,2040,3.81,Route 2,Completed,4
100103,2024-01-05,Station B,2045,10.53,Route 2,Completed,3
100104,2024-01-05,Station D,2001,14.05,Route 1,Completed,1
100105,2024-01-05,Station B,2016,9.02,Route 4,Completed,4
100106,2024-01-05,Station B,2039,9.22,Route 4,Completed,1
100107,2024-01-05,Station B,2005,5.28,Route 1,Completed,3
100108,2024-01-05,Station D,2022,11.89,Route 4,Completed,4
100109,2024-01-05,Station B,2029,4.03,Route 1,Completed,2
100110,2024-01-05,Station C,2003,5.87,Route 1,Returned,2
100111,2024-01-05,Station D,2012,7.24,Route 1,Completed,4
100112,2024-01-05,Station C,2026,8.35,Route 2,Completed,4
100113,2024-01-05,Station D,2016,4.77,Route 4,Completed,1
100114,2024-01-05,Station B,2037,3.05,Route 1,Delayed,4
100115,2024-01-05,Station C,2022,9.74,Route 4,Completed,1
100116,2024-01-05,Station D,2029,5.4,Route 2,Completed,3
100117,2024-01-05,Station A,2014,9.35,Route 1,Delayed,1
100118,2024-01-05,Station B,2028,3.58,Route 3,Delayed,4
100119,2024-01-05,Station D,2005,8.0,Route 2,Completed,4
100120,2024-01-05,Station A,2047,8.69,Route 3,Completed,3
100121,2024-01-06,Station D,2049,2.2,Route 4,Completed,4
100122,2024-01-06,Station A,2030,6.04,Route 4,Delayed,4
100123,2024-01-06,Station B,2046,3.31,Route 2,Completed,2
100124,2024-01-06,Station C,2005,2.36,Route 4,Completed,2
100125,2024-01-06,Station A,2012,14.86,Route 3,Delayed,3
100126,2024-01-06,Station D,2016,5.85,Route 1,Completed,1
100127,2024-01-06,Station B,2026,12.43,Route 1,Completed,2
100128,2024-01-06,Station A,2026,4.94,Route 1,Completed,1
100129,2024-01-06,Station D,2048,10.7,Route 2,Completed,4
100130,2024-01-06,Station D,2021,11.76,Route 4,Completed,2
100131,2024-01-06,Station D,2039,9.54,Route 3,Completed,3
100132,2024-01-06,Station A,2036,7.87,Route 4,Completed,3
100133,2024-01-06,Station A,2033,7.06,Route 4,Completed,3
100134,2024-01-06,Station A,2030,6.21,Route 4,Returned,2
100135,2024-01-06,Station C,2037,14.05,Route 1,Completed,1
100136,2024-01-06,Station A,2023,12.71,Route 3,Returned,4
100137,2024-01-06,Station A,2010,14.53,Route 3,Completed,1
100138,2024-01-06,Station A,2005,3.18,Route 4,Delayed,1
100139,2024-01-06,Station C,2036,11.37,Route 1,Completed,4
100140,2024-01-06,Station A,2034,14.17,Route 1,Completed,4
100141,2024-01-06,Station D,2031,3.95,Route 3,Completed,2
100142,2024-01-06,Station A,2010,2.4,Route 1,Delayed,2
100143,2024-01-06,Station D,2019,11.51,Route 1,Completed,2
100144,2024-01-06,Station D,2032,9.26,Route 1,Completed,2
100145,2024-01-07,Station D,2001,12.86,Route 2,Completed,2
100146,2024-01-07,Station C,2005,3.39,Route 4,Delayed,4
100147,2024-01-07,Station C,2045,12.24,Route 3,Completed,1
100148,2024-01-07,Station C,2004,4.22,Route 3,Completed,2
100149,2024-01-07,Station A,2016,3.71,Route 2,Completed,2
100150,2024-01-07,Station D,2024,3.72,Route 4,Delayed,1
100151,2024-01-07,Station C,2016,12.5,Route 3,Completed,2
100152,2024-01-07,Station C,2002,10.48,Route 1,Completed,1
100153,2024-01-07,Station A,2049,8.56,Route 3,Completed,1
100154,2024-01-07,Station C,2028,6.34,Route 1,Completed,4
100155,2024-01-07,Station A,2032,13.34,Route 2,Completed,3
100156,2024-01-07,Station B,2027,6.8,Route 1,Completed,4
100157,2024-01-07,Station C,2020,12.52,Route 3,Completed,3
100158,2024-01-07,Station B,2024,7.43,Route 3,Completed,3
100159,2024-01-07,Station A,2012,6.59,Route 3,Completed,3
100160,2024-01-07,Station D,2050,7.75,Route 2,Completed,2
100161,2024-01-07,Station C,2035,5.57,Route 2,Completed,4
100162,2024-01-07,Station A,2033,11.59,Route 4,Completed,3
100163,2024-01-07,Station D,2033,8.29,Route 3,Completed,1
100164,2024-01-07,Station D,2043,4.63,Route 1,Completed,2
100165,2024-01-07,Station B,2037,13.64,Route 2,Completed,4
100166,2024-01-07,Station A,2012,6.68,Route 3,Completed,3
100167,2024-01-07,Station D,2003,8.84,Route 3,Completed,1
100168,2024-01-07,Station C,2001,13.74,Route 2,Completed,4
100169,2024-01-08,Station C,2033,9.93,Route 4,Delayed,4
100170,2024-01-08,Station B,2040,3.08,Route 2,Completed,2
100171,2024-01-08,Station D,2010,14.19,Route 2,Completed,4
100172,2024-01-08,Station A,2043,9.97,Route 1,Completed,2
100173,2024-01-08,Station C,2044,6.02,Route 1,Completed,3
100174,2024-01-08,Station D,2029,3.38,Route 4,Completed,2
100175,2024-01-08,Station D,2013,12.22,Route 3,Completed,1
100176,2024-01-08,Station B,2012,9.87,Route 2,Completed,2
100177,2024-01-08,Station C,2031,8.7,Route 4,Completed,1
100178,2024-01-08,Station C,2046,13.57,Route 1,Completed,2
100179,2024-01-08,Station A,2002,12.15,Route 2,Completed,4
100180,2024-01-08,Station C,2050,3.55,Route 3,Delayed,3
100181,2024-01-08,Station A,2035,5.71,Route 1,Completed,1
100182,2024-01-08,Station C,2023,4.85,Route 1,Returned,2
100183,2024-01-08,Station B,2017,11.54,Route 1,Completed,2
100184,2024-01-08,Station C,2026,1.95,Route 4,Completed,2
100185,2024-01-08,Station A,2008,9.19,Route 3,Completed,4
100186,2024-01-08,Station A,2029,11.79,Route 2,Completed,4
100187,2024-01-08,Station B,2026,13.34,Route 4,Delayed,1
100188,2024-01-08,Station C,2010,6.12,Route 4,Completed,1
100189,2024-01-08,Station C,2026,12.59,Route 4,Delayed,4
100190,2024-01-08,Station B,2034,2.99,Route 1,Completed,1
100191,2024-01-08,Station C,2041,12.93,Route 3,Delayed,3
100192,2024-01-08,Station C,2007,3.22,Route 4,Completed,3
100193,2024-01-09,Station A,2004,6.86,Route 2,Completed,4
100194,2024-01-09,Station C,2050,12.26,Route 3,Completed,1
100195,2024-01-09,Station C,2045,3.52,Route 2,Completed,2
100196,2024-01-09,Station B,2011,4.59,Route 3,Completed,3
100197,2024-01-09,Station B,2029,11.25,Route 2,Completed,4
100198,2024-01-09,Station D,2036,11.22,Route 1,Delayed,1
100199,2024-01-09,Station A,2025,10.16,Route 4,Completed,4
100200,2024-01-09,Station C,2021,10.87,Route 2,Completed,2
100201,2024-01-09,Station C,2036,8.83,Route 3,Completed,3
100202,2024-01-09,Station D,2010,4.9,Route 4,Completed,4
100203,2024-01-09,Station C,2037,6.17,Route 4,Completed,4
100204,2024-01-09,Station A,2009,3.95,Route 3,Completed,4
100205,2024-01-09,Station D,2024,13.76,Route 2,Completed,2
100206,2024-01-09,Station A,2035,9.38,Route 1,Completed,4
100207,2024-01-09,Station D,2049,6.91,Route 1,Completed,2
100208,2024-01-09,Station D,2035,7.74,Route 2,Completed,2
100209,2024-01-09,Station B,2048,14.29,Route 4,Completed,2
100210,2024-01-09,Station A,2036,3.57,Route 4,Completed,3
100211,2024-01-09,Station C,2018,9.41,Route 4,Completed,3
100212,2024-01-09,Station C,2049,8.33,Route 4,Completed,4
100213,2024-01-09,Station A,2039,9.75,Route 2,Completed,4
100214,2024-01-09,Station C,2032,1.74,Route 4,Returned,3
100215,2024-01-09,Station C,2024,13.27,Route 3,Completed,1
100216,2024-01-09,Station A,2023,14.08,Route 4,Delayed,3
100217,2024-01-10,Station D,2032,9.13,Route 1,Completed,2
100218,2024-01-10,Station A,2037,10.9,Route 4,Completed,3
100219,2024-01-10,Station D,2012,13.95,Route 2,Completed,2
100220,2024-01-10,Station C,2049,11.05,Route 1,Returned,4
100221,2024-01-10,Station C,2013,3.56,Route 2,Completed,1
100222,2024-01-10,Station C,2023,9.28,Route 2,Delayed,4
100223,2024-01-10,Station B,2025,9.69,Route 1,Delayed,2
100224,2024-01-10,Station D,2035,7.23,Route 2,Completed,2
100225,2024-01-10,Station B,2041,11.44,Route 2,Completed,2
100226,2024-01-10,Station B,2030,14.11,Route 4,Completed,1
100227,2024-01-10,Station A,2017,14.0,Route 3,Completed,3
100228,2024-01-10,Station B,2049,7.59,Route 2,Delayed,4
100229,2024-01-10,Station A,2020,3.03,Route 2,Delayed,4
100230,2024-01-10,Station A,2048,14.8,Route 2,Completed,3
100231,2024-01-10,Station B,2025,12.83,Route 4,Completed,4
100232,2024-01-10,Station D,2022,3.18,Route 3,Completed,1
100233,2024-01-10,Station D,2013,13.93,Route 1,Completed,4
100234,2024-01-10,Station D,2019,13.24,Route 4,Delayed,2
100235,2024-01-10,Station D,2049,8.5,Route 4,Completed,3
100236,2024-01-10,Station D,2036,9.48,Route 3,Completed,1
100237,2024-01-10,Station B,2012,6.89,Route 3,Completed,3
100238,2024-01-10,Station B,2041,2.24,Route 4,Completed,1
100239,2024-01-10,Station C,2019,6.03,Route 1,Completed,2
100240,2024-01-10,Station D,2012,12.34,Route 4,Completed,3
100241,2024-01-11,Station B,2009,1.56,Route 3,Completed,4
100242,2024-01-11,Station C,2007,6.0,Route 1,Completed,1
100243,2024-01-11,Station D,2028,6.88,Route 3,Delayed,3
100244,2024-01-11,Station A,2014,8.75,Route 1,Completed,4
100245,2024-01-11,Station C,2031,13.92,Route 2,Completed,3
100246,2024-01-11,Station B,2019,6.18,Route 3,Completed,3
100247,2024-01-11,Station A,2047,6.18,Route 3,Completed,3
100248,2024-01-11,Station A,2016,11.46,Route 4,Completed,1
100249,2024-01-11,Station A,2005,7.6,Route 3,Completed,4
100250,2024-01-11,Station C,2035,4.53,Route 3,Completed,2
100251,2024-01-11,Station B,2012,7.61,Route 2,Completed,1
100252,2024-01-11,Station A,2025,3.4,Route 3,Completed,1
100253,2024-01-11,Station D,2021,3.88,Route 2,Completed,1
100254,2024-01-11,Station A,2036,8.23,Route 2,Returned,2
100255,2024-01-11,Station A,2023,7.16,Route 2,Completed,4
100256,2024-01-11,Station C,2016,13.85,Route 2,Completed,4
100257,2024-01-11,Station C,2039,6.39,Route 1,Completed,4
100258,2024-01-11,Station B,2045,9.34,Route 4,Completed,3
100259,2024-01-11,Station D,2042,10.04,Route 1,Completed,3
100260,2024-01-11,Station C,2039,1.68,Route 3,Completed,3
100261,2024-01-11,Station A,2014,10.46,Route 1,Returned,2
100262,2024-01-11,Station B,2031,3.9,Route 1,Completed,3
100263,2024-01-11,Station A,2005,14.47,Route 3,Completed,2
100264,2024-01-11,Station A,2035,3.51,Route 3,Completed,4
100265,2024-01-12,Station C,2023,7.1,Route 3,Completed,3
100266,2024-01-12,Station B,2029,2.65,Route 1,Completed,3
100267,2024-01-12,Station D,2043,14.96,Route 1,Completed,1
100268,2024-01-12,Station D,2011,8.28,Route 3,Completed,2
100269,2024-01-12,Station C,2018,9.54,Route 4,Delayed,4
100270,2024-01-12,Station C,2047,2.41,Route 4,Completed,1
100271,2024-01-12,Station B,2012,11.62,Route 2,Completed,1
100272,2024-01-12,Station D,2009,4.33,Route 3,Completed,4
100273,2024-01-12,Station D,2010,13.62,Route 2,Completed,1
100274,2024-01-12,Station D,2044,4.27,Route 4,Completed,2
100275,2024-01-12,Station A,2017,4.07,Route 2,Completed,2
100276,2024-01-12,Station D,2038,1.99,Route 3,Completed,3
100277,2024-01-12,Station A,2007,7.87,Route 3,Delayed,1
100278,2024-01-12,Station B,2046,9.13,Route 3,Completed,3
100279,2024-01-12,Station A,2013,2.39,Route 1,Completed,1
100280,2024-01-12,Station B,2040,11.97,Route 2,Delayed,2
100281,2024-01-12,Station D,2042,7.62,Route 4,Completed,2
100282,2024-01-12,Station D,2009,8.58,Route 4,Completed,2
100283,2024-01-12,Station B,2050,7.45,Route 4,Completed,1
100284,2024-01-12,Station C,2027,6.91,Route 1,Completed,2
100285,2024-01-12,Station B,2002,9.06,Route 1,Completed,1
100286,2024-01-12,Station C,2005,3.6,Route 3,Returned,3
100287,2024-01-12,Station A,2029,3.96,Route 4,Completed,1
100288,2024-01-12,Station A,2037,13.13,Route 1,Completed,3
100289,2024-01-13,Station A,2038,14.27,Route 3,Completed,1
100290,2024-01-13,Station D,2019,6.54,Route 4,Completed,3
100291,2024-01-13,Station A,2008,5.16,Route 2,Completed,2
100292,2024-01-13,Station C,2048,10.19,Route 3,Completed,3
100293,2024-01-13,Station A,2045,7.02,Route 1,Returned,2
100294,2024-01-13,Station B,2001,1.84,Route 1,Completed,2
100295,2024-01-13,Station B,2022,3.61,Route 3,Completed,3
100296,2024-01-13,Station D,2017,11.17,Route 3,Completed,1
100297,2024-01-13,Station B,2007,10.4,Route 1,Completed,1
100298,2024-01-13,Station C,2025,1.87,Route 2,Completed,4
100299,2024-01-13,Station A,2045,4.5,Route 4,Completed,1
100300,2024-01-13,Station D,2004,4.62,Route 2,Completed,4
100301,2024-01-13,Station A,2036,10.57,Route 3,Completed,1
100302,2024-01-13,Station A,2006,1.77,Route 2,Completed,1
100303,2024-01-13,Station C,2031,2.91,Route 1,Completed,2
100304,2024-01-13,Station B,2019,12.3,Route 3,Delayed,4
100305,2024-01-13,Station B,2044,3.91,Route 4,Completed,1
100306,2024-01-13,Station A,2039,10.31,Route 1,Completed,4
100307,2024-01-13,Station D,2027,4.72,Route 1,Completed,2
100308,2024-01-13,Station B,2010,2.84,Route 4,Returned,2
100309,2024-01-13,Station D,2026,4.78,Route 4,Delayed,4
100310,2024-01-13,Station B,2019,11.25,Route 2,Completed,2
100311,2024-01-13,Station D,2039,13.05,Route 3,Delayed,3
100312,2024-01-13,Station C,2003,12.71,Route 4,Completed,3
100313,2024-01-14,Station D,2045,6.86,Route 4,Completed,2
100314,2024-01-14,Station C,2013,10.52,Route 3,Completed,3
100315,2024-01-14,Station C,2050,4.27,Route 4,Completed,1
100316,2024-01-14,Station D,2028,5.46,Route 4,Completed,4
100317,2024-01-14,Station C,2020,13.6,Route 2,Delayed,1
100318,2024-01-14,Station A,2028,1.68,Route 1,Completed,4
100319,2024-01-14,Station C,2008,2.65,Route 1,Completed,2
100320,2024-01-14,Station B,2041,4.31,Route 1,Completed,1
100321,2024-01-14,Station D,2039,1.86,Route 1,Completed,2
100322,2024-01-14,Station A,2001,3.95,Route 4,Completed,2
100323,2024-01-14,Station D,2003,9.37,Route 3,Completed,4
100324,2024-01-14,Station B,2013,7.19,Route 3,Completed,4
100325,2024-01-14,Station B,2028,13.55,Route 2,Delayed,4
100326,2024-01-14,Station B,2049,12.54,Route 2,Completed,1
100327,2024-01-14,Station C,2025,6.11,Route 4,Completed,3
100328,2024-01-14,Station C,2033,5.0,Route 3,Completed,4
100329,2024-01-14,Station D,2038,6.63,Route 3,Completed,4
100330,2024-01-14,Station D,2006,9.47,Route 1,Completed,1
100331,2024-01-14,Station A,2044,5.12,Route 4,Completed,4
100332,2024-01-14,Station A,2045,9.93,Route 4,Delayed,1
100333,2024-01-14,Station D,2032,7.03,Route 1,Completed,2
100334,2024-01-14,Station C,2045,8.95,Route 4,Returned,4
100335,2024-01-14,Station B,2047,7.39,Route 4,Delayed,4
100336,2024-01-14,Station D,2021,5.48,Route 2,Completed,2
100337,2024-01-15,Station A,2016,14.3,Route 3,Delayed,2
100338,2024-01-15,Station C,2021,11.81,Route 4,Completed,2
100339,2024-01-15,Station D,2011,3.39,Route 2,Delayed,4
100340,2024-01-15,Station D,2037,13.22,Route 3,Completed,3
100341,2024-01-15,Station C,2036,8.08,Route 1,Delayed,3
100342,2024-01-15,Station D,2035,13.58,Route 2,Delayed,3
100343,2024-01-15,Station C,2019,12.3,Route 2,Delayed,4
100344,2024-01-15,Station B,2020,7.24,Route 3,Completed,2
100345,2024-01-15,Station C,2018,1.8,Route 1,Completed,4
100346,2024-01-15,Station C,2047,5.13,Route 2,Completed,2
100347,2024-01-15,Station C,2041,8.81,Route 4,Completed,4
100348,2024-01-15,Station D,2049,10.05,Route 4,Completed,4
100349,2024-01-15,Station D,2014,4.98,Route 4,Completed,2
100350,2024-01-15,Station C,2015,3.38,Route 1,Completed,3
100351,2024-01-15,Station D,2031,12.77,Route 2,Returned,2
100352,2024-01-15,Station A,2001,14.79,Route 4,Completed,1
100353,2024-01-15,Station A,2003,8.6,Route 1,Delayed,1
100354,2024-01-15,Station D,2016,3.82,Route 4,Completed,2
100355,2024-01-15,Station D,2023,5.18,Route 3,Delayed,4
100356,2024-01-15,Station C,2011,1.75,Route 2,Delayed,1
100357,2024-01-15,Station B,2012,13.84,Route 2,Completed,1
100358,2024-01-15,Station D,2010,3.09,Route 1,Completed,4
100359,2024-01-15,Station A,2032,9.28,Route 1,Completed,4
100360,2024-01-15,Station C,2016,5.2,Route 2,Completed,3
100361,2024-01-16,Station D,2008,8.98,Route 4,Completed,4
100362,2024-01-16,Station A,2038,10.29,Route 4,Completed,2
100363,2024-01-16,Station A,2012,12.7,Route 3,Completed,2
100364,2024-01-16,Station B,2024,4.29,Route 4,Completed,3
100365,2024-01-16,Station C,2028,1.65,Route 1,Completed,1
100366,2024-01-16,Station C,2008,3.35,Route 1,Completed,1
100367,2024-01-16,Station B,2028,13.65,Route 4,Completed,4
100368,2024-01-16,Station B,2036,13.3,Route 1,Returned,2
100369,2024-01-16,Station C,2026,9.57,Route 2,Completed,1
100370,2024-01-16,Station C,2008,9.61,Route 2,Returned,3
100371,2024-01-16,Station D,2050,10.48,Route 4,Completed,3
100372,2024-01-16,Station D,2028,3.87,Route 2,Completed,2
100373,2024-01-16,Station B,2028,13.84,Route 2,Completed,3
100374,2024-01-16,Station D,2037,7.15,Route 3,Completed,3
100375,2024-01-16,Station A,2041,6.67,Route 3,Completed,2
100376,2024-01-16,Station D,2036,8.51,Route 2,Completed,4
100377,2024-01-16,Station D,2027,2.13,Route 4,Completed,4
100378,2024-01-16,Station A,2017,3.74,Route 3,Completed,3
100379,2024-01-16,Station B,2009,11.46,Route 1,Completed,4
100380,2024-01-16,Station A,2033,2.62,Route 1,Completed,4
100381,2024-01-16,Station D,2020,9.64,Route 1,Completed,3
100382,2024-01-16,Station B,2013,4.81,Route 4,Completed,4
100383,2024-01-16,Station D,2028,6.76,Route 2,Completed,3
100384,2024-01-16,Station A,2048,5.4,Route 1,Completed,1
100385,2024-01-17,Station A,2029,6.3,Route 4,Returned,2
100386,2024-01-17,Station D,2013,11.21,Route 3,Completed,2
100387,2024-01-17,Station C,2046,5.51,Route 2,Completed,4
100388,2024-01-17,Station C,2035,9.15,Route 3,Returned,4
100389,2024-01-17,Station A,2006,7.93,Route 4,Completed,4
100390,2024-01-17,Station A,2018,10.46,Route 1,Completed,2
100391,2024-01-17,Station C,2005,14.15,Route 1,Completed,1
100392,2024-01-17,Station C,2047,11.39,Route 4,Completed,1
100393,2024-01-17,Station D,2025,4.4,Route 1,Completed,2
100394,2024-01-17,Station D,2002,1.92,Route 2,Completed,1
100395,2024-01-17,Station C,2010,5.04,Route 4,Completed,2
100396,2024-01-17,Station D,2030,9.53,Route 3,Completed,1
100397,2024-01-17,Station D,2050,2.19,Route 4,Returned,3
100398,2024-01-17,Station B,2045,8.2,Route 2,Delayed,3
100399,2024-01-17,Station D,2005,9.56,Route 2,Completed,2
100400,2024-01-17,Station A,2033,6.01,Route 4,Completed,1
100401,2024-01-17,Station D,2001,11.91,Route 4,Completed,4
100402,2024-01-17,Station D,2018,2.94,Route 1,Completed,1
100403,2024-01-17,Station C,2032,2.51,Route 2,Completed,3
100404,2024-01-17,Station A,2047,11.33,Route 4,Completed,3
100405,2024-01-17,Station D,2049,8.19,Route 4,Delayed,1
100406,2024-01-17,Station D,2011,10.79,Route 2,Completed,1
100407,2024-01-17,Station B,2021,7.37,Route 4,Completed,4
100408,2024-01-17,Station D,2026,4.83,Route 1,Completed,4
100409,2024-01-18,Station D,2025,12.56,Route 2,Completed,1
100410,2024-01-18,Station B,2022,12.29,Route 1,Delayed,1
100411,2024-01-18,Station C,2027,10.88,Route 1,Completed,1
100412,2024-01-18,Station D,2049,5.17,Route 1,Completed,1
100413,2024-01-18,Station B,2013,9.47,Route 1,Completed,2
100414,2024-01-18,Station A,2033,6.37,Route 2,Completed,1
100415,2024-01-18,Station C,2034,2.74,Route 1,Completed,4
100416,2024-01-18,Station A,2041,13.88,Route 1,Completed,3
100417,2024-01-18,Station A,2035,3.35,Route 4,Completed,2
100418,2024-01-18,Station B,2001,14.33,Route 2,Completed,1
100419,2024-01-18,Station D,2021,7.52,Route 2,Completed,3
100420,2024-01-18,Station B,2048,4.0,Route 3,Completed,2
100421,2024-01-18,Station B,2006,8.82,Route 2,Completed,3
100422,2024-01-18,Station B,2028,13.28,Route 2,Completed,1
100423,2024-01-18,Station B,2017,11.39,Route 3,Completed,1
100424,2024-01-18,Station C,2005,12.39,Route 2,Returned,4
100425,2024-01-18,Station D,2031,10.39,Route 2,Delayed,1
100426,2024-01-18,Station A,2005,10.85,Route 2,Returned,1
100427,2024-01-18,Station A,2038,12.96,Route 2,Completed,2
100428,2024-01-18,Station D,2003,4.87,Route 3,Completed,4
100429,2024-01-18,Station A,2023,8.11,Route 2,Completed,2
100430,2024-01-18,Station D,2037,4.49,Route 2,Completed,3
100431,2024-01-18,Station A,2037,14.83,Route 3,Delayed,1
100432,2024-01-18,Station B,2010,14.24,Route 4,Completed,3
100433,2024-01-19,Station A,2010,2.03,Route 1,Completed,2
100434,2024-01-19,Station D,2019,11.03,Route 4,Completed,1
100435,2024-01-19,Station D,2017,13.99,Route 3,Completed,1
100436,2024-01-19,Station D,2021,3.94,Route 1,Completed,2
100437,2024-01-19,Station D,2014,9.17,Route 3,Completed,2
100438,2024-01-19,Station D,2009,13.86,Route 3,Completed,2
100439,2024-01-19,Station C,2046,1.96,Route 2,Completed,2
100440,2024-01-19,Station C,2001,10.92,Route 1,Completed,2
100441,2024-01-19,Station A,2045,5.51,Route 2,Completed,1
100442,2024-01-19,Station D,2013,13.98,Route 1,Delayed,2
100443,2024-01-19,Station A,2004,14.61,Route 3,Returned,1
100444,2024-01-19,Station D,2001,14.25,Route 3,Completed,1
100445,2024-01-19,Station D,2049,7.9,Route 4,Completed,2
100446,2024-01-19,Station C,2040,13.14,Route 1,Completed,2
100447,2024-01-19,Station C,2032,12.9,Route 2,Completed,4
100448,2024-01-19,Station B,2034,5.81,Route 4,Completed,1
100449,2024-01-19,Station C,2028,12.69,Route 4,Delayed,2
100450,2024-01-19,Station B,2031,2.0,Route 4,Completed,2
100451,2024-01-19,Station B,2008,9.55,Route 2,Delayed,2
100452,2024-01-19,Station B,2039,4.61,Route 4,Completed,4
100453,2024-01-19,Station B,2026,3.13,Route 2,Completed,4
100454,2024-01-19,Station B,2034,2.54,Route 4,Completed,3
100455,2024-01-19,Station A,2003,10.9,Route 2,Delayed,1
100456,2024-01-19,Station C,2050,6.09,Route 3,Completed,3
100457,2024-01-20,Station B,2012,11.28,Route 3,Completed,2
100458,2024-01-20,Station D,2001,2.38,Route 3,Completed,4
100459,2024-01-20,Station C,2044,5.76,Route 3,Completed,4
100460,2024-01-20,Station C,2005,8.78,Route 3,Completed,3
100461,2024-01-20,Station B,2030,12.17,Route 4,Completed,4
100462,2024-01-20,Station A,2030,5.8,Route 4,Completed,2
100463,2024-01-20,Station B,2017,9.95,Route 4,Completed,4
100464,2024-01-20,Station A,2048,13.46,Route 2,Completed,3
100465,2024-01-20,Station D,2047,9.81,Route 2,Completed,2
100466,2024-01-20,Station C,2023,4.64,Route 2,Completed,3
100467,2024-01-20,Station D,2015,1.83,Route 2,Completed,4
100468,2024-01-20,Station A,2037,13.25,Route 3,Completed,3
100469,2024-01-20,Station A,2021,1.79,Route 3,Completed,3
100470,2024-01-20,Station D,2014,13.31,Route 3,Returned,1
100471,2024-01-20,Station A,2002,8.64,Route 1,Completed,4
100472,2024-01-20,Station D,2011,14.18,Route 4,Completed,4
100473,2024-01-20,Station C,2039,12.28,Route 2,Completed,3
100474,2024-01-20,Station D,2038,14.97,Route 2,Completed,1
100475,2024-01-20,Station C,2034,6.23,Route 3,Completed,4
100476,2024-01-20,Station D,2038,11.86,Route 2,Completed,2
100477,2024-01-20,Station A,2050,6.93,Route 2,Completed,3
100478,2024-01-20,Station D,2034,7.98,Route 4,Completed,4
100479,2024-01-20,Station A,2018,9.97,Route 3,Completed,2
100480,2024-01-20,Station D,2030,13.29,Route 4,Completed,4
100481,2024-01-21,Station D,2015,14.79,Route 1,Completed,2
100482,2024-01-21,Station B,2027,11.87,Route 1,Completed,3
100483,2024-01-21,Station A,2034,7.14,Route 1,Completed,4
100484,2024-01-21,Station B,2038,7.19,Route 3,Completed,4
100485,2024-01-21,Station A,2033,11.46,Route 2,Returned,1
100486,2024-01-21,Station B,2024,4.72,Route 3,Completed,3
100487,2024-01-21,Station C,2015,2.99,Route 3,Completed,2
100488,2024-01-21,Station D,2030,6.29,Route 2,Completed,4
100489,2024-01-21,Station A,2042,5.38,Route 4,Completed,4
100490,2024-01-21,Station A,2017,5.5,Route 1,Completed,2
100491,2024-01-21,Station D,2005,4.65,Route 4,Completed,3
100492,2024-01-21,Station A,2029,2.07,Route 1,Completed,1
100493,2024-01-21,Station A,2004,1.74,Route 3,Completed,1
100494,2024-01-21,Station B,2010,14.83,Route 1,Completed,4
100495,2024-01-21,Station A,2017,7.27,Route 3,Completed,2
100496,2024-01-21,Station C,2010,6.69,Route 4,Completed,4
100497,2024-01-21,Station C,2017,10.68,Route 3,Returned,2
100498,2024-01-21,Station D,2020,4.45,Route 4,Completed,1
100499,2024-01-21,Station A,2024,14.32,Route 2,Completed,3
100500,2024-01-21,Station D,2005,12.12,Route 2,Returned,2
